INSERT INTO Rooms (rid, room_location, seating_capacity) VALUES (1, '01-904', '66');
INSERT INTO Rooms (rid, room_location, seating_capacity) VALUES (2, '07-467', '25');
INSERT INTO Rooms (rid, room_location, seating_capacity) VALUES (3, '08-334', '68');
INSERT INTO Rooms (rid, room_location, seating_capacity) VALUES (4, '08-532', '29');
INSERT INTO Rooms (rid, room_location, seating_capacity) VALUES (5, '05-366', '62');
INSERT INTO Rooms (rid, room_location, seating_capacity) VALUES (6, '04-086', '14');
INSERT INTO Rooms (rid, room_location, seating_capacity) VALUES (7, '00-127', '65');
INSERT INTO Rooms (rid, room_location, seating_capacity) VALUES (8, '03-682', '25');
INSERT INTO Rooms (rid, room_location, seating_capacity) VALUES (9, '04-484', '77');
INSERT INTO Rooms (rid, room_location, seating_capacity) VALUES (10, '05-180', '48');

INSERT INTO Employees (eid,emp_name,emp_address,phone,email,join_date,depart_date) VALUES (1,'Lana','250-9772 Litora St.','94637110','ipsum.dolor.sit@posuerecubiliaCurae.co.uk','2020-08-09 20:45:21','2021-11-24 11:36:06');
INSERT INTO Employees (eid,emp_name,emp_address,phone,email,join_date,depart_date) VALUES (2,'Stone','P.O. Box 695, 3874 Nam Avenue','97716276','Sed.congue@Etiam.ca','2020-09-14 17:26:07','2022-03-10 19:44:24');
INSERT INTO Employees (eid,emp_name,emp_address,phone,email,join_date,depart_date) VALUES (3,'Rana','P.O. Box 305, 9870 Vehicula St.','99558718','vitae.posuere@eunulla.org','2020-07-17 15:32:11','2021-08-13 23:22:25');
INSERT INTO Employees (eid,emp_name,emp_address,phone,email,join_date,depart_date) VALUES (4,'Shay','P.O. Box 236, 4179 Elit. Street','93092594','penatibus.et.magnis@sedorcilobortis.edu','2020-06-26 17:05:55','2021-05-30 07:40:00');
INSERT INTO Employees (eid,emp_name,emp_address,phone,email,join_date,depart_date) VALUES (5,'Rylee','P.O. Box 791, 680 Sapien. Ave','96989079','tempor@luctus.com','2021-02-12 06:29:33','2021-08-15 14:05:17');
INSERT INTO Employees (eid,emp_name,emp_address,phone,email,join_date,depart_date) VALUES (6,'Beck','P.O. Box 266, 708 Mauris Av.','93075463','et.magnis@mattis.com','2020-09-11 12:28:36','2022-01-10 05:01:49');
INSERT INTO Employees (eid,emp_name,emp_address,phone,email,join_date,depart_date) VALUES (7,'Micah','P.O. Box 591, 3820 Netus Ave','95606636','consectetuer.adipiscing.elit@sagittis.edu','2020-04-10 22:28:01','2021-05-07 16:00:22');
INSERT INTO Employees (eid,emp_name,emp_address,phone,email,join_date,depart_date) VALUES (8,'Justine','Ap #445-2105 Aenean Street','90013317','consectetuer.rhoncus.Nullam@massa.net','2020-04-12 08:56:13','2022-01-18 16:01:55');
INSERT INTO Employees (eid,emp_name,emp_address,phone,email,join_date,depart_date) VALUES (9,'Fuller','Ap #583-8652 Quisque Rd.','93665122','nec@Utnecurna.co.uk','2020-10-13 05:58:06','2022-03-11 16:54:47');
INSERT INTO Employees (eid,emp_name,emp_address,phone,email,join_date,depart_date) VALUES (10,'Ifeoma','P.O. Box 526, 1158 Eget, Street','98373247','dictum.sapien@placeratorci.co.uk','2020-07-09 23:17:17','2022-02-14 02:35:02');

INSERT INTO Employees (eid, emp_name, emp_address, phone, email, join_date, depart_date) VALUES (11, 'Myca', '222 Prentice Court', '91609782', 'mcrumba@ucsd.edu', '2020-10-17', '2021-03-25');
INSERT INTO Employees (eid, emp_name, emp_address, phone, email, join_date, depart_date) VALUES (12, 'Leshia', '8573 Oak Lane', '98984689', 'ljulianb@exblog.jp', '2020-05-14', '2021-02-04');
INSERT INTO Employees (eid, emp_name, emp_address, phone, email, join_date, depart_date) VALUES (13, 'Chrisy', '5932 Farmco Center', '94571510', 'civashintsovc@irs.gov', '2020-11-19', '2021-03-04');
INSERT INTO Employees (eid, emp_name, emp_address, phone, email, join_date, depart_date) VALUES (14, 'Lurette', '5 Red Cloud Point', '99447833', 'lnewalld@buzzfeed.com', '2020-12-07', '2021-02-16');
INSERT INTO Employees (eid, emp_name, emp_address, phone, email, join_date, depart_date) VALUES (15, 'Oran', '2627 Center Park', '91669419', 'oivasechkoe@parallels.com', '2020-06-27', '2021-02-13');
INSERT INTO Employees (eid, emp_name, emp_address, phone, email, join_date, depart_date) VALUES (16, 'Aleece', '56391 Pond Alley', '91206264', 'afakeleyf@epa.gov', '2020-10-02', '2021-03-19');
INSERT INTO Employees (eid, emp_name, emp_address, phone, email, join_date, depart_date) VALUES (17, 'Boonie', '150 6th Pass', '96095360', 'bdodsg@craigslist.org', '2020-11-27', '2021-02-04');
INSERT INTO Employees (eid, emp_name, emp_address, phone, email, join_date, depart_date) VALUES (18, 'Jessalin', '7651 Hoffman Lane', '97637386', 'jstedmondh@mit.edu', '2020-07-20', '2021-03-07');
INSERT INTO Employees (eid, emp_name, emp_address, phone, email, join_date, depart_date) VALUES (19, 'Thaddeus', '671 Kenwood Alley', '99306231', 'tfriesei@usa.gov', '2020-04-05', '2021-03-16');
INSERT INTO Employees (eid, emp_name, emp_address, phone, email, join_date, depart_date) VALUES (20, 'Brittni', '5614 Marquette Hill', '95787229', 'bhuiej@hp.com', '2020-04-22', '2021-02-12');
INSERT INTO Employees (eid, emp_name, emp_address, phone, email, join_date, depart_date) VALUES (21, 'Shannen', '5 La Follette Park', '96263207', 'sdavauxk@sourceforge.net', '2020-05-13', '2021-02-27');
INSERT INTO Employees (eid, emp_name, emp_address, phone, email, join_date, depart_date) VALUES (22, 'Kerk', '3 Jana Street', '96986109', 'kgodlemanl@newsvine.com', '2020-06-07', '2021-02-02');
INSERT INTO Employees (eid, emp_name, emp_address, phone, email, join_date, depart_date) VALUES (23, 'Vitia', '7 Westport Crossing', '94201121', 'vwellsmanm@ihg.com', '2020-08-15', '2021-02-26');
INSERT INTO Employees (eid, emp_name, emp_address, phone, email, join_date, depart_date) VALUES (24, 'Paulita', '34695 Atwood Crossing', '98343304', 'pcorraon@xrea.com', '2020-07-22', '2021-03-16');
INSERT INTO Employees (eid, emp_name, emp_address, phone, email, join_date, depart_date) VALUES (25, 'Louie', '7686 Colorado Park', '92660829', 'lwallo@flickr.com', '2020-11-24', '2021-03-09');
INSERT INTO Employees (eid, emp_name, emp_address, phone, email, join_date, depart_date) VALUES (26, 'Ainslie', '12648 Graedel Court', '97414260', 'atuddenhamp@economist.com', '2020-11-08', '2021-02-21');
INSERT INTO Employees (eid, emp_name, emp_address, phone, email, join_date, depart_date) VALUES (27, 'Vinita', '86414 Towne Trail', '92928392', 'vditchq@state.gov', '2020-09-22', '2021-02-27');
INSERT INTO Employees (eid, emp_name, emp_address, phone, email, join_date, depart_date) VALUES (28, 'Eolanda', '8 Parkside Alley', '99781516', 'erichmontr@123-reg.co.uk', '2020-09-19', '2021-03-15');
INSERT INTO Employees (eid, emp_name, emp_address, phone, email, join_date, depart_date) VALUES (29, 'Edan', '57530 Norway Maple Drive', '93203408', 'elangthornes@slate.com', '2020-08-14', '2021-02-27');
INSERT INTO Employees (eid, emp_name, emp_address, phone, email, join_date, depart_date) VALUES (30, 'Eddie', '49506 Lyons Court', '96347606', 'elissandret@wikia.com', '2020-10-07', '2021-03-03');
INSERT INTO Employees (eid, emp_name, emp_address, phone, email, join_date, depart_date) VALUES (31, 'Nora', '1730 Maple Pass', '92512505', 'nstandringu@hud.gov', '2020-09-14', '2021-02-12');
INSERT INTO Employees (eid, emp_name, emp_address, phone, email, join_date, depart_date) VALUES (32, 'Sharity', '402 Loomis Pass', '98102548', 'ssumptonv@epa.gov', '2020-07-07', '2021-02-25');
INSERT INTO Employees (eid, emp_name, emp_address, phone, email, join_date, depart_date) VALUES (33, 'Deeyn', '156 Sloan Place', '93382142', 'dwalshew@jiathis.com', '2020-04-25', '2021-03-15');
INSERT INTO Employees (eid, emp_name, emp_address, phone, email, join_date, depart_date) VALUES (34, 'Noelani', '82690 Jenifer Drive', '92115424', 'nszimonx@mashable.com', '2020-11-30', '2021-03-09');
INSERT INTO Employees (eid, emp_name, emp_address, phone, email, join_date, depart_date) VALUES (35, 'Archie', '521 Northview Drive', '92158014', 'ameindly@nih.gov', '2020-09-27', '2021-03-07');
INSERT INTO Employees (eid, emp_name, emp_address, phone, email, join_date, depart_date) VALUES (36, 'Rob', '7375 Sloan Hill', '93946554', 'rharvardz@biblegateway.com', '2020-07-17', '2021-03-23');
INSERT INTO Employees (eid, emp_name, emp_address, phone, email, join_date, depart_date) VALUES (37, 'Trix', '8 Pepper Wood Circle', '92798664', 'thickinbottom10@bravesites.com', '2020-08-15', '2021-03-19');
INSERT INTO Employees (eid, emp_name, emp_address, phone, email, join_date, depart_date) VALUES (38, 'Edita', '7245 Montana Circle', '92053365', 'epatmore11@cbsnews.com', '2020-03-30', '2021-02-25');
INSERT INTO Employees (eid, emp_name, emp_address, phone, email, join_date, depart_date) VALUES (39, 'Amberly', '30470 Annamark Court', '95772467', 'alanders12@upenn.edu', '2020-04-01', '2021-03-19');
INSERT INTO Employees (eid, emp_name, emp_address, phone, email, join_date, depart_date) VALUES (40, 'Norine', '17 Barnett Hill', '96419664', 'nminards13@chron.com', '2020-10-31', '2021-03-02');

-- Full Time Employees
INSERT INTO Full_Time_Emp (eid, month_salary) VALUES (1, 1028);
INSERT INTO Full_Time_Emp (eid, month_salary) VALUES (2, 1990);
INSERT INTO Full_Time_Emp (eid, month_salary) VALUES (3, 2149);
INSERT INTO Full_Time_Emp (eid, month_salary) VALUES (4, 1785);
INSERT INTO Full_Time_Emp (eid, month_salary) VALUES (5, 1440);
INSERT INTO Full_Time_Emp (eid, month_salary) VALUES (6, 2633);
INSERT INTO Full_Time_Emp (eid, month_salary) VALUES (7, 2975);
INSERT INTO Full_Time_Emp (eid, month_salary) VALUES (8, 1805);
INSERT INTO Full_Time_Emp (eid, month_salary) VALUES (9, 1353);
INSERT INTO Full_Time_Emp (eid, month_salary) VALUES (10, 1210);
INSERT INTO Full_Time_Emp (eid, month_salary) VALUES (11, 1373);
INSERT INTO Full_Time_Emp (eid, month_salary) VALUES (12, 1421);
INSERT INTO Full_Time_Emp (eid, month_salary) VALUES (13, 1652);
INSERT INTO Full_Time_Emp (eid, month_salary) VALUES (14, 2339);
INSERT INTO Full_Time_Emp (eid, month_salary) VALUES (15, 1901);
INSERT INTO Full_Time_Emp (eid, month_salary) VALUES (16, 2490);
INSERT INTO Full_Time_Emp (eid, month_salary) VALUES (17, 1678);
INSERT INTO Full_Time_Emp (eid, month_salary) VALUES (18, 2095);
INSERT INTO Full_Time_Emp (eid, month_salary) VALUES (19, 1262);
INSERT INTO Full_Time_Emp (eid, month_salary) VALUES (20, 1055);
INSERT INTO Full_Time_Emp (eid, month_salary) VALUES (21, 2561);
INSERT INTO Full_Time_Emp (eid, month_salary) VALUES (22, 1914);
INSERT INTO Full_Time_Emp (eid, month_salary) VALUES (23, 2050);
INSERT INTO Full_Time_Emp (eid, month_salary) VALUES (24, 2576);
INSERT INTO Full_Time_Emp (eid, month_salary) VALUES (25, 2828);
INSERT INTO Full_Time_Emp (eid, month_salary) VALUES (26, 2271);
INSERT INTO Full_Time_Emp (eid, month_salary) VALUES (27, 2015);
INSERT INTO Full_Time_Emp (eid, month_salary) VALUES (28, 2828);
INSERT INTO Full_Time_Emp (eid, month_salary) VALUES (29, 2688);
INSERT INTO Full_Time_Emp (eid, month_salary) VALUES (30, 1784);

-- Part Time Employees
INSERT INTO Part_time_Emp (eid, hourly_rate) VALUES (31, 50);
INSERT INTO Part_time_Emp (eid, hourly_rate) VALUES (32, 25);
INSERT INTO Part_time_Emp (eid, hourly_rate) VALUES (33, 56);
INSERT INTO Part_time_Emp (eid, hourly_rate) VALUES (34, 22);
INSERT INTO Part_time_Emp (eid, hourly_rate) VALUES (35, 20);
INSERT INTO Part_time_Emp (eid, hourly_rate) VALUES (36, 34);
INSERT INTO Part_time_Emp (eid, hourly_rate) VALUES (37, 59);
INSERT INTO Part_time_Emp (eid, hourly_rate) VALUES (38, 23);
INSERT INTO Part_time_Emp (eid, hourly_rate) VALUES (39, 24);
INSERT INTO Part_time_Emp (eid, hourly_rate) VALUES (40, 40);

-- Managers
INSERT INTO Managers (eid) VALUES (1);
INSERT INTO Managers (eid) VALUES (2);
INSERT INTO Managers (eid) VALUES (3);
INSERT INTO Managers (eid) VALUES (4);
INSERT INTO Managers (eid) VALUES (5);
INSERT INTO Managers (eid) VALUES (6);
INSERT INTO Managers (eid) VALUES (7);
INSERT INTO Managers (eid) VALUES (8);
INSERT INTO Managers (eid) VALUES (9);
INSERT INTO Managers (eid) VALUES (10);

-- Admin
INSERT INTO Administrators (eid) VALUES (11);
INSERT INTO Administrators (eid) VALUES (12);
INSERT INTO Administrators (eid) VALUES (13);
INSERT INTO Administrators (eid) VALUES (14);
INSERT INTO Administrators (eid) VALUES (15);
INSERT INTO Administrators (eid) VALUES (16);
INSERT INTO Administrators (eid) VALUES (17);
INSERT INTO Administrators (eid) VALUES (18);
INSERT INTO Administrators (eid) VALUES (19);
INSERT INTO Administrators (eid) VALUES (20);

-- Instructors
INSERT INTO Instructors (eid) VALUES (21);
INSERT INTO Instructors (eid) VALUES (22);
INSERT INTO Instructors (eid) VALUES (23);
INSERT INTO Instructors (eid) VALUES (24);
INSERT INTO Instructors (eid) VALUES (25);
INSERT INTO Instructors (eid) VALUES (26);
INSERT INTO Instructors (eid) VALUES (27);
INSERT INTO Instructors (eid) VALUES (28);
INSERT INTO Instructors (eid) VALUES (29);
INSERT INTO Instructors (eid) VALUES (30);
INSERT INTO Instructors (eid) VALUES (31);
INSERT INTO Instructors (eid) VALUES (32);
INSERT INTO Instructors (eid) VALUES (33);
INSERT INTO Instructors (eid) VALUES (34);
INSERT INTO Instructors (eid) VALUES (35);
INSERT INTO Instructors (eid) VALUES (36);
INSERT INTO Instructors (eid) VALUES (37);
INSERT INTO Instructors (eid) VALUES (38);
INSERT INTO Instructors (eid) VALUES (39);
INSERT INTO Instructors (eid) VALUES (40);

INSERT INTO Full_time_instructors (eid) VALUES (21);
INSERT INTO Full_time_instructors (eid) VALUES (22);
INSERT INTO Full_time_instructors (eid) VALUES (23);
INSERT INTO Full_time_instructors (eid) VALUES (24);
INSERT INTO Full_time_instructors (eid) VALUES (25);
INSERT INTO Full_time_instructors (eid) VALUES (26);
INSERT INTO Full_time_instructors (eid) VALUES (27);
INSERT INTO Full_time_instructors (eid) VALUES (28);
INSERT INTO Full_time_instructors (eid) VALUES (29);
INSERT INTO Full_time_instructors (eid) VALUES (30);

INSERT INTO Part_time_instructors (eid) VALUES (31);
INSERT INTO Part_time_instructors (eid) VALUES (32);
INSERT INTO Part_time_instructors (eid) VALUES (33);
INSERT INTO Part_time_instructors (eid) VALUES (34);
INSERT INTO Part_time_instructors (eid) VALUES (35);
INSERT INTO Part_time_instructors (eid) VALUES (36);
INSERT INTO Part_time_instructors (eid) VALUES (37);
INSERT INTO Part_time_instructors (eid) VALUES (38);
INSERT INTO Part_time_instructors (eid) VALUES (39);
INSERT INTO Part_time_instructors (eid) VALUES (40);

insert into Course_Area (course_area_name, eid) values ('SolidWorks', 1);
insert into Course_Area (course_area_name, eid) values ('Omega', 2);
insert into Course_Area (course_area_name, eid) values ('Rhinoplasty', 3);
insert into Course_Area (course_area_name, eid) values ('TVPaint', 4);
insert into Course_Area (course_area_name, eid) values ('Career Counseling', 5);
insert into Course_Area (course_area_name, eid) values ('TMF', 6);
insert into Course_Area (course_area_name, eid) values ('Mac &amp; PC platforms', 7);
insert into Course_Area (course_area_name, eid) values ('Physical Therapy', 8);
insert into Course_Area (course_area_name, eid) values ('CQS', 9);
insert into Course_Area (course_area_name, eid) values ('Social Media', 10);

insert into Specialises (course_area_name, eid) values ('SolidWorks', 21);
insert into Specialises (course_area_name, eid) values ('Omega', 22);
insert into Specialises (course_area_name, eid) values ('Rhinoplasty', 23);
insert into Specialises (course_area_name, eid) values ('TVPaint', 24);
insert into Specialises (course_area_name, eid) values ('Career Counseling', 25);
insert into Specialises (course_area_name, eid) values ('TMF', 26);
insert into Specialises (course_area_name, eid) values ('Mac &amp; PC platforms', 27);
insert into Specialises (course_area_name, eid) values ('Physical Therapy', 28);
insert into Specialises (course_area_name, eid) values ('CQS', 29);
insert into Specialises (course_area_name, eid) values ('Social Media', 30);
insert into Specialises (course_area_name, eid) values ('SolidWorks', 31);
insert into Specialises (course_area_name, eid) values ('Omega', 32);
insert into Specialises (course_area_name, eid) values ('Rhinoplasty', 33);
insert into Specialises (course_area_name, eid) values ('TVPaint', 34);
insert into Specialises (course_area_name, eid) values ('Career Counseling', 35);
insert into Specialises (course_area_name, eid) values ('TMF', 36);
insert into Specialises (course_area_name, eid) values ('Mac &amp; PC platforms', 37);
insert into Specialises (course_area_name, eid) values ('Physical Therapy', 38);
insert into Specialises (course_area_name, eid) values ('CQS', 39);
insert into Specialises (course_area_name, eid) values ('Social Media', 40);

insert into Courses (course_id, course_area_name, title, course_description, duration) values (1, 'SolidWorks', 'SolidWorks Course', 'Burn of third degree of left axilla, sequela', 1);
insert into Courses (course_id, course_area_name, title, course_description, duration) values (2, 'Omega', 'Omega Course', 'Unspecified otosclerosis, left ear', 1);
insert into Courses (course_id, course_area_name, title, course_description, duration) values (3, 'Rhinoplasty', 'Rhinoplasty Course', 'Perforation due to fb acc left in body following procedure', 2);
insert into Courses (course_id, course_area_name, title, course_description, duration) values (4, 'TVPaint', 'TVPaint Course', 'Resistance to unspecified beta lactam antibiotics', 3);
insert into Courses (course_id, course_area_name, title, course_description, duration) values (5, 'Career Counseling', 'Career Counseling Course', 'Sltr-haris Type III physl fx low end ulna, r arm, 7thP', 2);
insert into Courses (course_id, course_area_name, title, course_description, duration) values (6, 'TMF', 'TMF', 'Shaken infant syndrome Course', 2);
insert into Courses (course_id, course_area_name, title, course_description, duration) values (7, 'Mac &amp; PC platforms', 'Mac &amp; PC platforms Course', 'Unsp inj msl/tnd lng flxr msl toe at ank/ft lev, r ft, subs', 1);
insert into Courses (course_id, course_area_name, title, course_description, duration) values (8, 'Physical Therapy', 'Physical Therapy Course', 'Disp fx of lateral end of r clavicle, subs for fx w nonunion', 3);
insert into Courses (course_id, course_area_name, title, course_description, duration) values (9, 'CQS', 'CQS Course', 'Immunization not carried out because of caregiver refusal', 1);
insert into Courses (course_id, course_area_name, title, course_description, duration) values (10, 'Social Media', 'Social Media Course', 'Burn of second degree of unspecified toe(s) (nail), sequela', 1);


-- packages sold in 2020
INSERT INTO Course_packages (package_id, sale_start_date, sale_end_date, course_package_name, price, num_free_registrations) VALUES (1, '2020-01-10', '2020-12-08', 'Aerified', 132, 2);
INSERT INTO Course_packages (package_id, sale_start_date, sale_end_date, course_package_name, price, num_free_registrations) VALUES (2, '2020-03-21', '2020-05-04', 'Duobam', 863, 9);
INSERT INTO Course_packages (package_id, sale_start_date, sale_end_date, course_package_name, price, num_free_registrations) VALUES (3, '2020-05-22', '2020-08-17', 'Veribet', 228, 5);
INSERT INTO Course_packages (package_id, sale_start_date, sale_end_date, course_package_name, price, num_free_registrations) VALUES (4, '2020-06-10', '2020-08-22', 'Tempsoft', 365, 2);
INSERT INTO Course_packages (package_id, sale_start_date, sale_end_date, course_package_name, price, num_free_registrations) VALUES (5, '2020-06-16', '2020-12-15', 'Asoka', 731, 1);

-- packages sold in 2021
INSERT INTO Course_packages (package_id, sale_start_date, sale_end_date, course_package_name, price, num_free_registrations) VALUES (6, '2021-01-02', '2021-12-01', 'Home Ing', 397, 9);
INSERT INTO Course_packages (package_id, sale_start_date, sale_end_date, course_package_name, price, num_free_registrations) VALUES (7, '2021-01-03', '2021-10-13', 'Span', 599, 9);
INSERT INTO Course_packages (package_id, sale_start_date, sale_end_date, course_package_name, price, num_free_registrations) VALUES (8, '2021-01-13', '2021-03-03', 'Bitwolf', 569, 3);
INSERT INTO Course_packages (package_id, sale_start_date, sale_end_date, course_package_name, price, num_free_registrations) VALUES (9, '2021-02-16', '2021-02-25', 'Flexidy', 233, 10);
INSERT INTO Course_packages (package_id, sale_start_date, sale_end_date, course_package_name, price, num_free_registrations) VALUES (10, '2021-03-26', '2021-08-18', 'Alphazap', 599, 6);

INSERT INTO Customers (cust_id, cust_address, phone, cust_name, email) values (1, '417 Roxbury Avenue', '95520089', 'Cathrin', 'cvandermark0@spotify.com');
INSERT INTO Customers (cust_id, cust_address, phone, cust_name, email) values (2, '06 Havey Terrace', '93650609', 'Aveline', 'ahenighan1@uiuc.edu');
INSERT INTO Customers (cust_id, cust_address, phone, cust_name, email) values (3, '7 Independence Terrace', '96886328', 'Chaunce', 'cdionisio2@theatlantic.com');
INSERT INTO Customers (cust_id, cust_address, phone, cust_name, email) values (4, '573 Hollow Ridge Point', '96151674', 'Lauren', 'lfairlaw3@feedburner.com');
INSERT INTO Customers (cust_id, cust_address, phone, cust_name, email) values (5, '08470 Surrey Way', '90928887', 'Genovera', 'gdanilyuk4@whitehouse.gov');
INSERT INTO Customers (cust_id, cust_address, phone, cust_name, email) values (6, '66 Vidon Alley', '93460379', 'Denny', 'dsenogles5@godaddy.com');
INSERT INTO Customers (cust_id, cust_address, phone, cust_name, email) values (7, '6 Northview Way', '96622560', 'Payton', 'pdevoy6@rediff.com');
INSERT INTO Customers (cust_id, cust_address, phone, cust_name, email) values (8, '4 Red Cloud Trail', '99017037', 'Orran', 'ogullane7@dot.gov');
INSERT INTO Customers (cust_id, cust_address, phone, cust_name, email) values (9, '73 Maryland Court', '90731293', 'Laurie', 'lboulden8@gov.uk');
INSERT INTO Customers (cust_id, cust_address, phone, cust_name, email) values (10, '2 Shelley Hill', '94081690', 'Robers', 'rwarrener9@abc.net.au');
INSERT INTO Customers VALUES (11, '123 ABC Road', 99011234, 'James', 'james@gmail.com');
INSERT INTO Customers VALUES (12, '469 Bukit Timah Road', 95651253, 'Tommy', 'tommy@gmail.com');
INSERT INTO Customers VALUES (13, '578 New Town Road', 95321546, 'Hadley', 'hadley@gmail.com');

INSERT INTO Credit_cards (credit_card_num, cvv, card_expiry_date, from_date, cust_id) VALUES ('347976565588640', '112', '2021-12-04', '2020-09-11', 1);
INSERT INTO Credit_cards (credit_card_num, cvv, card_expiry_date, from_date, cust_id) VALUES ('3581999556820888', '012', '2021-11-25', '2020-09-06', 2);
INSERT INTO Credit_cards (credit_card_num, cvv, card_expiry_date, from_date, cust_id) VALUES ('5602228197909680', '568', '2021-12-15', '2021-01-30', 3);
INSERT INTO Credit_cards (credit_card_num, cvv, card_expiry_date, from_date, cust_id) VALUES ('6771222759988110410', '647', '2021-11-14', '2020-12-20', 4);
INSERT INTO Credit_cards (credit_card_num, cvv, card_expiry_date, from_date, cust_id) VALUES ('4911237393604887', '472', '2021-12-01', '2020-11-10', 5);
INSERT INTO Credit_cards (credit_card_num, cvv, card_expiry_date, from_date, cust_id) VALUES ('3568672479539854', '124', '2021-12-02', '2020-11-30', 6);
INSERT INTO Credit_cards (credit_card_num, cvv, card_expiry_date, from_date, cust_id) VALUES ('6390906154204138', '442', '2021-11-15', '2021-03-20', 7);
INSERT INTO Credit_cards (credit_card_num, cvv, card_expiry_date, from_date, cust_id) VALUES ('6709358844174034388', '312', '2021-12-27', '2021-01-25', 8);
INSERT INTO Credit_cards (credit_card_num, cvv, card_expiry_date, from_date, cust_id) VALUES ('3587836508168228', '891', '2021-12-16', '2021-02-17', 9);
INSERT INTO Credit_cards (credit_card_num, cvv, card_expiry_date, from_date, cust_id) VALUES ('5100140343626984', '835', '2021-11-15', '2020-12-19', 10);
INSERT INTO Credit_cards (credit_card_num, cvv, card_expiry_date, from_date, cust_id) VALUES ('449880711743778', '549', '2021-12-12', '2020-01-01', 11);
INSERT INTO Credit_cards (credit_card_num, cvv, card_expiry_date, from_date, cust_id) VALUES ('5312849162951802', '091', '2021-12-15', '2020-01-01', 12);
INSERT INTO Credit_cards (credit_card_num, cvv, card_expiry_date, from_date, cust_id) VALUES ('372510495078493', '510', '2021-12-14', '2020-01-01', 13);

-- num_remaining_redemptions are one less than original because each are redeemed once
INSERT INTO Buys (buy_date, package_id, credit_card_num, num_remaining_redemptions) VALUES ('2020-02-20', 1, '347976565588640', 1);
INSERT INTO Buys (buy_date, package_id, credit_card_num, num_remaining_redemptions) VALUES ('2020-04-27', 2, '3581999556820888', 8);
INSERT INTO Buys (buy_date, package_id, credit_card_num, num_remaining_redemptions) VALUES ('2020-06-13', 3, '5602228197909680', 4);
INSERT INTO Buys (buy_date, package_id, credit_card_num, num_remaining_redemptions) VALUES ('2020-06-17', 4, '6771222759988110410', 1);
INSERT INTO Buys (buy_date, package_id, credit_card_num, num_remaining_redemptions) VALUES ('2020-07-27', 5, '4911237393604887', 0);
INSERT INTO Buys (buy_date, package_id, credit_card_num, num_remaining_redemptions) VALUES ('2021-02-20', 6, '3568672479539854', 8);
INSERT INTO Buys (buy_date, package_id, credit_card_num, num_remaining_redemptions) VALUES ('2021-01-15', 7, '6390906154204138', 8);
INSERT INTO Buys (buy_date, package_id, credit_card_num, num_remaining_redemptions) VALUES ('2021-03-01', 8, '6709358844174034388', 2);
INSERT INTO Buys (buy_date, package_id, credit_card_num, num_remaining_redemptions) VALUES ('2021-02-16', 9, '3587836508168228', 9);
INSERT INTO Buys (buy_date, package_id, credit_card_num, num_remaining_redemptions) VALUES ('2021-03-27', 10, '5100140343626984', 5);

INSERT INTO Buys (buy_date, package_id, credit_card_num, num_remaining_redemptions) VALUES ('2020-01-01', 1, '449880711743778', 8);
INSERT INTO Buys (buy_date, package_id, credit_card_num, num_remaining_redemptions) VALUES ('2021-03-05', 8, '5312849162951802', 3);

-- Offerings whose sessions are registered directly
INSERT INTO Offerings (launch_date, course_id, eid, actual_start_date, end_date, registration_deadline, target_number_registrations, seating_capacity, fees) VALUES ('2021-01-26', 1, 11, '2021-07-21', '2021-07-21', '2021-02-26', 66, 66, 73);
INSERT INTO Offerings (launch_date, course_id, eid, actual_start_date, end_date, registration_deadline, target_number_registrations, seating_capacity, fees) VALUES ('2020-05-14', 2, 12, '2021-06-24', '2021-06-24', '2021-06-14', 25, 25, 40);
INSERT INTO Offerings (launch_date, course_id, eid, actual_start_date, end_date, registration_deadline, target_number_registrations, seating_capacity, fees) VALUES ('2020-05-11', 3, 13, '2021-07-13', '2021-07-13', '2021-06-09', 68, 68, 53);
INSERT INTO Offerings (launch_date, course_id, eid, actual_start_date, end_date, registration_deadline, target_number_registrations, seating_capacity, fees) VALUES ('2020-04-14', 4, 14, '2021-07-08', '2021-07-08', '2021-05-15', 29, 29, 85);
INSERT INTO Offerings (launch_date, course_id, eid, actual_start_date, end_date, registration_deadline, target_number_registrations, seating_capacity, fees) VALUES ('2020-06-19', 5, 15, '2021-12-24', '2021-12-24', '2021-07-03', 62, 62, 84);
INSERT INTO Offerings (launch_date, course_id, eid, actual_start_date, end_date, registration_deadline, target_number_registrations, seating_capacity, fees) VALUES ('2020-04-22', 6, 16, '2021-07-20', '2021-07-20', '2021-06-17', 14, 14, 55);
INSERT INTO Offerings (launch_date, course_id, eid, actual_start_date, end_date, registration_deadline, target_number_registrations, seating_capacity, fees) VALUES ('2020-09-11', 7, 17, '2022-06-23', '2022-06-23', '2021-10-19', 65, 65, 71);
INSERT INTO Offerings (launch_date, course_id, eid, actual_start_date, end_date, registration_deadline, target_number_registrations, seating_capacity, fees) VALUES ('2020-05-30', 8, 18, '2021-08-30', '2021-08-30', '2021-07-03', 25, 25, 27);
INSERT INTO Offerings (launch_date, course_id, eid, actual_start_date, end_date, registration_deadline, target_number_registrations, seating_capacity, fees) VALUES ('2020-10-31', 9, 19, '2022-04-29', '2022-04-29', '2021-11-21', 77, 77, 15);
INSERT INTO Offerings (launch_date, course_id, eid, actual_start_date, end_date, registration_deadline, target_number_registrations, seating_capacity, fees) VALUES ('2020-06-13', 10, 20, '2022-05-02', '2022-05-02', '2021-10-14', 48, 48, 92);

-- Offerings whose sessions are redeemed
INSERT INTO Offerings (launch_date, course_id, eid, actual_start_date, end_date, registration_deadline, target_number_registrations, seating_capacity, fees) VALUES ('2021-02-02', 1, 11, '2021-07-22', '2021-07-22', '2021-02-26', 66, 66, 73);
INSERT INTO Offerings (launch_date, course_id, eid, actual_start_date, end_date, registration_deadline, target_number_registrations, seating_capacity, fees) VALUES ('2021-03-03', 2, 12, '2021-06-25', '2021-06-25', '2021-06-14', 25, 25, 40);
INSERT INTO Offerings (launch_date, course_id, eid, actual_start_date, end_date, registration_deadline, target_number_registrations, seating_capacity, fees) VALUES ('2020-04-04', 3, 13, '2021-07-14', '2021-07-14', '2021-06-09', 68, 68, 53);
INSERT INTO Offerings (launch_date, course_id, eid, actual_start_date, end_date, registration_deadline, target_number_registrations, seating_capacity, fees) VALUES ('2020-05-05', 4, 14, '2021-07-09', '2021-07-09', '2021-05-15', 29, 29, 85);
INSERT INTO Offerings (launch_date, course_id, eid, actual_start_date, end_date, registration_deadline, target_number_registrations, seating_capacity, fees) VALUES ('2020-06-06', 5, 15, '2021-12-25', '2021-12-25', '2021-07-03', 62, 62, 84);
INSERT INTO Offerings (launch_date, course_id, eid, actual_start_date, end_date, registration_deadline, target_number_registrations, seating_capacity, fees) VALUES ('2020-06-17', 6, 16, '2021-07-23', '2021-07-23', '2021-06-20', 14, 14, 55);
INSERT INTO Offerings (launch_date, course_id, eid, actual_start_date, end_date, registration_deadline, target_number_registrations, seating_capacity, fees) VALUES ('2020-01-20', 7, 17, '2022-06-28', '2022-06-28', '2021-10-19', 65, 65, 71);
INSERT INTO Offerings (launch_date, course_id, eid, actual_start_date, end_date, registration_deadline, target_number_registrations, seating_capacity, fees) VALUES ('2020-06-08', 8, 18, '2021-08-08', '2021-08-08', '2021-07-03', 25, 25, 27);
INSERT INTO Offerings (launch_date, course_id, eid, actual_start_date, end_date, registration_deadline, target_number_registrations, seating_capacity, fees) VALUES ('2020-10-10', 9, 19, '2022-04-25', '2022-04-25', '2021-11-21', 77, 77, 15);
INSERT INTO Offerings (launch_date, course_id, eid, actual_start_date, end_date, registration_deadline, target_number_registrations, seating_capacity, fees) VALUES ('2020-09-15', 10, 20, '2022-05-21', '2022-05-21', '2021-10-14', 48, 48, 92);

INSERT INTO Offerings (launch_date, course_id, eid, actual_start_date, end_date, registration_deadline, target_number_registrations, seating_capacity, fees) VALUES ('2020-01-01', 1, 11, '2020-02-03', '2020-02-03', '2020-01-15', 66, 66, 73);
INSERT INTO Offerings (launch_date, course_id, eid, actual_start_date, end_date, registration_deadline, target_number_registrations, seating_capacity, fees) VALUES ('2020-01-02', 2, 12, '2020-02-04', '2020-02-04', '2020-01-16', 66, 66, 73);
INSERT INTO Offerings (launch_date, course_id, eid, actual_start_date, end_date, registration_deadline, target_number_registrations, seating_capacity, fees) VALUES ('2020-01-03', 3, 13, '2020-02-05', '2020-02-05', '2020-01-17', 66, 66, 73);
INSERT INTO Offerings (launch_date, course_id, eid, actual_start_date, end_date, registration_deadline, target_number_registrations, seating_capacity, fees) VALUES ('2020-01-04', 4, 14, '2020-02-06', '2020-02-06', '2020-01-18', 66, 66, 73);

INSERT INTO Course_Sessions (course_session_id, rid, eid, session_date, start_time, end_time, launch_date, course_id) VALUES (1, 1, 21, '2021-07-21', '9:00 AM', '10:00 AM', '2021-01-26', 1);
INSERT INTO Course_Sessions (course_session_id, rid, eid, session_date, start_time, end_time, launch_date, course_id) VALUES (1, 2, 22, '2021-06-24', '4:00 PM', '5:00 PM', '2020-05-14', 2);
INSERT INTO Course_Sessions (course_session_id, rid, eid, session_date, start_time, end_time, launch_date, course_id) VALUES (1, 3, 23, '2021-07-13', '2:00 PM', '4:00 PM', '2020-05-11', 3);
INSERT INTO Course_Sessions (course_session_id, rid, eid, session_date, start_time, end_time, launch_date, course_id) VALUES (1, 4, 24, '2021-07-08', '2:00 PM', '5:00 PM', '2020-04-14', 4);
INSERT INTO Course_Sessions (course_session_id, rid, eid, session_date, start_time, end_time, launch_date, course_id) VALUES (1, 5, 25, '2021-12-24', '4:00 PM', '6:00 PM', '2020-06-19', 5);
INSERT INTO Course_Sessions (course_session_id, rid, eid, session_date, start_time, end_time, launch_date, course_id) VALUES (1, 6, 36, '2021-07-20', '4:00 PM', '6:00 PM', '2020-04-22', 6);
INSERT INTO Course_Sessions (course_session_id, rid, eid, session_date, start_time, end_time, launch_date, course_id) VALUES (1, 7, 37, '2022-06-23', '9:00 AM', '10:00 AM', '2020-09-11', 7);
INSERT INTO Course_Sessions (course_session_id, rid, eid, session_date, start_time, end_time, launch_date, course_id) VALUES (1, 8, 38, '2021-08-30', '2:00 PM', '5:00 PM', '2020-05-30', 8);
INSERT INTO Course_Sessions (course_session_id, rid, eid, session_date, start_time, end_time, launch_date, course_id) VALUES (1, 9, 39, '2022-04-29', '9:00 AM', '10:00 AM', '2020-10-31', 9);
INSERT INTO Course_Sessions (course_session_id, rid, eid, session_date, start_time, end_time, launch_date, course_id) VALUES (1, 10, 40, '2022-05-02', '9:00 AM', '10:00 AM', '2020-06-13', 10);

INSERT INTO Course_Sessions (course_session_id, rid, eid, session_date, start_time, end_time, launch_date, course_id) VALUES (1, 1, 21, '2021-07-22', '9:00 AM', '10:00 AM', '2021-02-02', 1);
INSERT INTO Course_Sessions (course_session_id, rid, eid, session_date, start_time, end_time, launch_date, course_id) VALUES (1, 2, 22, '2021-06-25', '4:00 PM', '5:00 PM', '2021-03-03', 2);
INSERT INTO Course_Sessions (course_session_id, rid, eid, session_date, start_time, end_time, launch_date, course_id) VALUES (1, 3, 23, '2021-07-14', '2:00 PM', '4:00 PM', '2020-04-04', 3);
INSERT INTO Course_Sessions (course_session_id, rid, eid, session_date, start_time, end_time, launch_date, course_id) VALUES (1, 4, 24, '2021-07-09', '2:00 PM', '5:00 PM', '2020-05-05', 4);
INSERT INTO Course_Sessions (course_session_id, rid, eid, session_date, start_time, end_time, launch_date, course_id) VALUES (1, 5, 25, '2021-12-24', '4:00 PM', '6:00 PM', '2020-06-06', 5);
INSERT INTO Course_Sessions (course_session_id, rid, eid, session_date, start_time, end_time, launch_date, course_id) VALUES (1, 6, 36, '2021-07-23', '4:00 PM', '6:00 PM', '2020-06-17', 6);
INSERT INTO Course_Sessions (course_session_id, rid, eid, session_date, start_time, end_time, launch_date, course_id) VALUES (1, 7, 37, '2022-06-28', '9:00 AM', '10:00 AM', '2020-01-20', 7);
INSERT INTO Course_Sessions (course_session_id, rid, eid, session_date, start_time, end_time, launch_date, course_id) VALUES (1, 8, 38, '2021-08-06', '2:00 PM', '5:00 PM', '2020-06-08', 8);
INSERT INTO Course_Sessions (course_session_id, rid, eid, session_date, start_time, end_time, launch_date, course_id) VALUES (1, 9, 39, '2022-04-21', '9:00 AM', '10:00 AM', '2020-10-10', 9);
INSERT INTO Course_Sessions (course_session_id, rid, eid, session_date, start_time, end_time, launch_date, course_id) VALUES (1, 10, 40, '2022-05-18', '9:00 AM', '10:00 AM', '2020-09-15', 10);

INSERT INTO Course_Sessions (course_session_id, rid, eid, session_date, start_time, end_time, launch_date, course_id) VALUES (2, 1, 21, '2020-02-03', '9:00 AM', '10:00 AM', '2020-01-01', 1);
INSERT INTO Course_Sessions (course_session_id, rid, eid, session_date, start_time, end_time, launch_date, course_id) VALUES (2, 1, 21, '2020-02-04', '9:00 AM', '10:00 AM', '2020-01-02', 2);
INSERT INTO Course_Sessions (course_session_id, rid, eid, session_date, start_time, end_time, launch_date, course_id) VALUES (2, 1, 21, '2020-02-05', '9:00 AM', '11:00 AM', '2020-01-03', 3);
INSERT INTO Course_Sessions (course_session_id, rid, eid, session_date, start_time, end_time, launch_date, course_id) VALUES (2, 1, 21, '2020-02-06', '9:00 AM', '12:00 PM', '2020-01-04', 4);

INSERT INTO Redeems (redeem_date, buy_date, credit_card_num, package_id, course_session_id, launch_date, course_id) VALUES ('2020-03-08', '2020-02-20', '347976565588640', 1, 1, '2021-02-02', 1);
INSERT INTO Redeems (redeem_date, buy_date, credit_card_num, package_id, course_session_id, launch_date, course_id) VALUES ('2020-06-18', '2020-04-27', '3581999556820888', 2, 1, '2021-03-03', 2);
INSERT INTO Redeems (redeem_date, buy_date, credit_card_num, package_id, course_session_id, launch_date, course_id) VALUES ('2020-08-18', '2020-06-13', '5602228197909680', 3, 1, '2020-04-04', 3);
INSERT INTO Redeems (redeem_date, buy_date, credit_card_num, package_id, course_session_id, launch_date, course_id) VALUES ('2020-09-17', '2020-06-17', '6771222759988110410', 4, 1, '2020-05-05', 4);
INSERT INTO Redeems (redeem_date, buy_date, credit_card_num, package_id, course_session_id, launch_date, course_id) VALUES ('2020-11-11', '2020-07-27', '4911237393604887', 5, 1, '2020-06-06', 5);
INSERT INTO Redeems (redeem_date, buy_date, credit_card_num, package_id, course_session_id, launch_date, course_id) VALUES ('2021-02-25', '2021-02-20', '3568672479539854', 6, 1, '2020-06-17', 6);
INSERT INTO Redeems (redeem_date, buy_date, credit_card_num, package_id, course_session_id, launch_date, course_id) VALUES ('2021-02-28', '2021-01-15', '6390906154204138', 7, 1, '2020-01-20', 7);
INSERT INTO Redeems (redeem_date, buy_date, credit_card_num, package_id, course_session_id, launch_date, course_id) VALUES ('2021-03-10', '2021-03-01', '6709358844174034388', 8, 1, '2020-06-08', 8);
INSERT INTO Redeems (redeem_date, buy_date, credit_card_num, package_id, course_session_id, launch_date, course_id) VALUES ('2021-03-26', '2021-02-16', '3587836508168228', 9, 1, '2020-10-10', 9);
INSERT INTO Redeems (redeem_date, buy_date, credit_card_num, package_id, course_session_id, launch_date, course_id) VALUES ('2021-03-28', '2021-03-27', '5100140343626984', 10, 1, '2020-09-15', 10);

INSERT INTO Redeems (redeem_date, buy_date, credit_card_num, package_id, course_session_id, launch_date, course_id) VALUES ('2020-01-03', '2020-01-01', '449880711743778', 1, 2, '2020-01-03', 3);
INSERT INTO Redeems (redeem_date, buy_date, credit_card_num, package_id, course_session_id, launch_date, course_id) VALUES ('2020-01-04', '2020-01-01', '449880711743778', 1, 2, '2020-01-04', 4);

INSERT INTO Registers (registration_date, course_session_id, launch_date, course_id, cust_id, credit_card_num) VALUES ('2021-01-28', 1, '2021-01-26', 1, 1, '347976565588640');
INSERT INTO Registers (registration_date, course_session_id, launch_date, course_id, cust_id, credit_card_num) VALUES ('2021-01-10', 1, '2020-05-14', 2, 2, '3581999556820888');
INSERT INTO Registers (registration_date, course_session_id, launch_date, course_id, cust_id, credit_card_num) VALUES ('2021-01-15', 1, '2020-05-11', 3, 3, '5602228197909680');
INSERT INTO Registers (registration_date, course_session_id, launch_date, course_id, cust_id, credit_card_num) VALUES ('2021-02-01', 1, '2020-04-14', 4, 4, '6771222759988110410');
INSERT INTO Registers (registration_date, course_session_id, launch_date, course_id, cust_id, credit_card_num) VALUES ('2021-02-10', 1, '2020-06-19', 5, 5, '4911237393604887');
INSERT INTO Registers (registration_date, course_session_id, launch_date, course_id, cust_id, credit_card_num) VALUES ('2020-05-27', 1, '2020-04-22', 6, 6, '3568672479539854');
INSERT INTO Registers (registration_date, course_session_id, launch_date, course_id, cust_id, credit_card_num) VALUES ('2020-09-13', 1, '2020-09-11', 7, 7, '6390906154204138');
INSERT INTO Registers (registration_date, course_session_id, launch_date, course_id, cust_id, credit_card_num) VALUES ('2020-06-28', 1, '2020-05-30', 8, 8, '6709358844174034388');
INSERT INTO Registers (registration_date, course_session_id, launch_date, course_id, cust_id, credit_card_num) VALUES ('2020-11-01', 1, '2020-10-31', 9, 9, '3587836508168228');
INSERT INTO Registers (registration_date, course_session_id, launch_date, course_id, cust_id, credit_card_num) VALUES ('2020-10-10', 1, '2020-06-13', 10, 10, '5100140343626984');
INSERT INTO Registers (registration_date, course_session_id, launch_date, course_id, cust_id, credit_card_num) VALUES ('2020-01-01', 2, '2020-01-01', 1, 11, '449880711743778');
INSERT INTO Registers (registration_date, course_session_id, launch_date, course_id, cust_id, credit_card_num) VALUES ('2020-01-02', 2, '2020-01-02', 2, 11, '449880711743778');
INSERT INTO Registers (registration_date, course_session_id, launch_date, course_id, cust_id, credit_card_num) VALUES ('2021-02-03', 1, '2020-06-06', 5, 13, '372510495078493');
INSERT INTO Registers (registration_date, course_session_id, launch_date, course_id, cust_id, credit_card_num) VALUES ('2021-03-04', 1, '2020-06-17', 6, 13, '372510495078493');
INSERT INTO Registers (registration_date, course_session_id, launch_date, course_id, cust_id, credit_card_num) VALUES ('2021-03-04', 1, '2020-06-06', 5, 10, '5100140343626984');
INSERT INTO Registers (registration_date, course_session_id, launch_date, course_id, cust_id, credit_card_num) VALUES ('2020-05-30', 1, '2020-05-30', 8, 13, '372510495078493');

INSERT INTO Pay_slips VALUES ('2021-04-04',1,1028,null,4);
INSERT INTO Pay_slips VALUES ('2021-04-04',2,1990,null,4);
INSERT INTO Pay_slips VALUES ('2021-04-04',3,2149,null,4);
INSERT INTO Pay_slips VALUES ('2021-04-04',4,1785,null,4);
INSERT INTO Pay_slips VALUES ('2021-04-04',5,1440,null,4);
INSERT INTO Pay_slips VALUES ('2021-04-04',6,2633,null,4);
INSERT INTO Pay_slips VALUES ('2021-04-04',7,2975,null,4);
INSERT INTO Pay_slips VALUES ('2021-04-04',8,1805,null,4);
INSERT INTO Pay_slips VALUES ('2021-04-04',9,1353,null,4);
INSERT INTO Pay_slips VALUES ('2021-04-04',10,1210,null,4);

-- Cancelling a redeemed session (cust 1 cancels course 10)
insert into Cancels (cancel_date, refund_amt, package_credit, package_id, course_session_id, launch_date, course_id, cust_id) values ('2021-07-20', NULL, 0, 1, 1, '2020-06-13', 10, 1);
insert into Cancels (cancel_date, refund_amt, package_credit, package_id, course_session_id, launch_date, course_id, cust_id) values ('2021-05-24', NULL, 1, 2, 1, '2020-10-31', 9, 2);
insert into Cancels (cancel_date, refund_amt, package_credit, package_id, course_session_id, launch_date, course_id, cust_id) values ('2021-07-12', NULL, 0, 3, 1, '2020-05-30', 8, 3);
insert into Cancels (cancel_date, refund_amt, package_credit, package_id, course_session_id, launch_date, course_id, cust_id) values ('2021-07-07', NULL, 0, 4, 1, '2020-09-11', 7, 4);
insert into Cancels (cancel_date, refund_amt, package_credit, package_id, course_session_id, launch_date, course_id, cust_id) values ('2021-11-24', NULL, 1, 5, 1, '2020-04-22', 6, 5);
insert into Cancels (cancel_date, refund_amt, package_credit, package_id, course_session_id, launch_date, course_id, cust_id) values ('2021-06-20', NULL, 1, 6, 1, '2020-06-19', 5, 6);
insert into Cancels (cancel_date, refund_amt, package_credit, package_id, course_session_id, launch_date, course_id, cust_id) values ('2022-05-23', NULL, 1, 7, 1, '2020-04-14', 4, 7);
insert into Cancels (cancel_date, refund_amt, package_credit, package_id, course_session_id, launch_date, course_id, cust_id) values ('2021-07-30', NULL, 1, 8, 1, '2020-05-11', 3, 8);
insert into Cancels (cancel_date, refund_amt, package_credit, package_id, course_session_id, launch_date, course_id, cust_id) values ('2022-04-28', NULL, 0, 9, 1, '2020-05-14', 2, 9);
insert into Cancels (cancel_date, refund_amt, package_credit, package_id, course_session_id, launch_date, course_id, cust_id) values ('2022-04-02', NULL, 1, 10, 1, '2021-01-26', 1, 10);

-- Cancelling a registered session (cust 1 cancels course 10)
insert into Cancels (cancel_date, refund_amt, package_credit, package_id, course_session_id, launch_date, course_id, cust_id) values ('2021-07-21', 0, NULL, NULL, 1, '2020-09-15', 10, 1);
insert into Cancels (cancel_date, refund_amt, package_credit, package_id, course_session_id, launch_date, course_id, cust_id) values ('2021-05-25', 36, NULL, NULL, 1, '2020-10-10', 9, 2);
insert into Cancels (cancel_date, refund_amt, package_credit, package_id, course_session_id, launch_date, course_id, cust_id) values ('2021-07-13', 0, NULL, NULL, 1, '2020-06-08', 8, 3);
insert into Cancels (cancel_date, refund_amt, package_credit, package_id, course_session_id, launch_date, course_id, cust_id) values ('2021-06-09', 76.50, NULL, NULL, 1, '2020-01-20', 7, 4);
insert into Cancels (cancel_date, refund_amt, package_credit, package_id, course_session_id, launch_date, course_id, cust_id) values ('2021-12-24', 0, NULL, NULL, 1, '2020-06-17', 6, 5);
insert into Cancels (cancel_date, refund_amt, package_credit, package_id, course_session_id, launch_date, course_id, cust_id) values ('2021-06-23', 49.50, NULL, NULL, 1, '2020-06-06', 5, 6);
insert into Cancels (cancel_date, refund_amt, package_credit, package_id, course_session_id, launch_date, course_id, cust_id) values ('2022-05-28', 63.90, NULL, NULL, 1, '2020-05-05', 4, 7);
insert into Cancels (cancel_date, refund_amt, package_credit, package_id, course_session_id, launch_date, course_id, cust_id) values ('2021-08-07', 0, NULL, NULL, 1, '2020-04-04', 3, 8);
insert into Cancels (cancel_date, refund_amt, package_credit, package_id, course_session_id, launch_date, course_id, cust_id) values ('2022-03-25', 13.50, NULL, NULL, 1, '2021-03-03', 2, 9);
insert into Cancels (cancel_date, refund_amt, package_credit, package_id, course_session_id, launch_date, course_id, cust_id) values ('2022-05-20', 0, NULL, NULL, 1, '2021-02-02', 1, 10);
